timestamp,session_id,level_number,value
1770636814.961,live_session,1,0.0
1770636814.972,live_session,1,0.0
1770636814.982,live_session,1,0.0
1770636814.993,live_session,1,0.0
1770636815.003,live_session,1,0.0
1770636815.014,live_session,1,0.0
1770636815.025,live_session,1,0.0
1770636815.035,live_session,1,0.0
1770636815.046,live_session,1,0.0
1770636815.056,live_session,1,0.0
1770636815.067,live_session,1,0.0
1770636815.078,live_session,1,0.0
1770636815.088,live_session,1,0.0
1770636815.099,live_session,1,0.0
1770636815.110,live_session,1,0.0
1770636815.121,live_session,1,0.0
1770636815.132,live_session,1,0.0
1770636815.142,live_session,1,0.0
1770636815.153,live_session,1,0.0
1770636815.164,live_session,1,0.0
1770636815.175,live_session,1,0.0
1770636815.185,live_session,1,0.0
1770636815.196,live_session,1,0.0
1770636815.206,live_session,1,0.0
1770636815.217,live_session,1,0.0
1770636815.228,live_session,1,0.0
1770636815.238,live_session,1,0.0
1770636815.249,live_session,1,0.0
1770636815.259,live_session,1,0.0
1770636815.270,live_session,1,0.0
1770636815.280,live_session,1,0.0
1770636815.291,live_session,1,0.0
1770636815.302,live_session,1,0.0
1770636815.312,live_session,1,0.0
1770636815.323,live_session,1,0.0
1770636815.334,live_session,1,0.0
1770636815.345,live_session,1,0.0
1770636815.355,live_session,1,0.0
1770636815.366,live_session,1,0.0
1770636815.377,live_session,1,0.0
1770636815.388,live_session,1,0.0
1770636815.398,live_session,1,0.0
1770636815.409,live_session,1,0.0
1770636815.419,live_session,1,0.0
1770636815.431,live_session,1,0.0
1770636815.441,live_session,1,0.0
1770636815.452,live_session,1,0.0
1770636815.462,live_session,1,0.0
1770636815.473,live_session,1,0.0
1770636815.483,live_session,1,0.0
1770636815.774,live_session,1,0.0
1770636815.855,live_session,1,0.0
1770636815.937,live_session,1,0.0
1770636816.014,live_session,1,0.0
1770636816.093,live_session,1,0.0
1770636816.171,live_session,1,0.0
1770636816.250,live_session,1,0.0
1770636816.324,live_session,1,0.0
1770636816.404,live_session,1,0.0
1770636816.490,live_session,1,0.0
1770636816.565,live_session,1,0.0
1770636816.647,live_session,1,0.0
1770636816.724,live_session,1,0.0
1770636816.805,live_session,1,0.0
1770636816.880,live_session,1,0.0
1770636816.955,live_session,1,0.0
1770636817.030,live_session,1,0.0
1770636817.101,live_session,1,0.0
1770636817.173,live_session,1,0.0
1770636817.251,live_session,1,0.0
1770636817.328,live_session,1,0.0
1770636817.412,live_session,1,0.0
1770636817.493,live_session,1,0.0
1770636817.575,live_session,1,0.0
1770636817.653,live_session,1,0.0
1770636817.742,live_session,1,0.0
1770636817.821,live_session,1,0.0
1770636817.899,live_session,1,0.0
1770636817.986,live_session,1,0.0
1770636818.064,live_session,1,0.0
1770636818.138,live_session,1,0.0
1770636818.218,live_session,1,0.0
1770636818.290,live_session,1,0.0
1770636818.364,live_session,1,0.0
1770636818.438,live_session,1,0.0
1770636818.510,live_session,1,0.0
1770636818.587,live_session,1,0.0
1770636818.671,live_session,1,0.0
1770636818.748,live_session,1,0.0
1770636818.829,live_session,1,0.0
1770636818.906,live_session,1,0.0
1770636818.983,live_session,1,0.0
1770636819.068,live_session,1,0.0
1770636819.148,live_session,1,0.0
1770636819.229,live_session,1,0.0
1770636819.310,live_session,1,0.0
1770636819.387,live_session,1,0.0
1770636819.462,live_session,1,0.0
1770636819.539,live_session,1,0.0
1770636819.611,live_session,1,0.0
1770636819.680,live_session,1,0.0
1770636819.755,live_session,1,0.0
1770636819.827,live_session,1,0.0
1770636819.902,live_session,1,0.0
1770636819.982,live_session,1,0.0
1770636820.061,live_session,1,0.0
1770636820.138,live_session,1,0.0
1770636820.215,live_session,1,0.0
1770636820.293,live_session,1,0.0
1770636820.376,live_session,1,0.0
1770636820.457,live_session,1,0.0
1770636820.536,live_session,1,0.0
1770636820.621,live_session,1,0.0
1770636820.700,live_session,1,0.0
1770636820.868,live_session,1,0.0
1770636820.940,live_session,1,0.0
1770636821.011,live_session,1,0.0
1770636821.082,live_session,1,0.0
1770636821.151,live_session,1,0.0
1770636821.226,live_session,1,0.0
1770636821.302,live_session,1,0.0
1770636821.381,live_session,1,0.0
1770636821.457,live_session,1,0.0
1770636821.536,live_session,1,0.0
1770636821.610,live_session,1,0.0
1770636821.687,live_session,1,0.0
1770636821.768,live_session,1,0.0
1770636821.849,live_session,1,0.0
1770636821.924,live_session,1,0.0
1770636822.003,live_session,1,0.0
1770636822.078,live_session,1,0.0
1770636822.153,live_session,1,0.0
1770636822.227,live_session,1,0.0
1770636822.296,live_session,1,0.0
1770636822.368,live_session,1,0.0
1770636822.442,live_session,1,0.0
1770636822.512,live_session,1,0.0
1770636822.587,live_session,1,0.0
1770636822.667,live_session,1,0.0
1770636822.746,live_session,1,0.0
1770636822.821,live_session,1,0.0
1770636822.902,live_session,1,0.0
1770636823.029,live_session,1,0.0
1770636823.105,live_session,1,0.0
1770636823.188,live_session,1,0.0
1770636823.267,live_session,1,0.0
1770636823.345,live_session,1,0.0
1770636823.421,live_session,1,0.0
1770636823.497,live_session,1,0.0
1770636823.568,live_session,1,0.0
1770636823.643,live_session,1,0.0
1770636823.715,live_session,1,0.0
1770636823.792,live_session,1,0.0
1770636823.867,live_session,1,0.0
1770636823.946,live_session,1,0.0
1770636824.027,live_session,1,0.0
1770636824.101,live_session,1,0.0
1770636824.177,live_session,1,0.0
1770636824.261,live_session,1,0.0
1770636824.341,live_session,1,0.0
1770636824.419,live_session,1,0.0
1770636824.501,live_session,1,0.0
1770636824.580,live_session,1,0.0
1770636824.658,live_session,1,0.0
1770636824.744,live_session,1,0.0
1770636824.819,live_session,1,0.0
1770636824.896,live_session,1,0.0
1770636824.968,live_session,1,0.0
1770636825.040,live_session,1,0.0
1770636825.111,live_session,1,0.0
1770636825.182,live_session,1,0.0
1770636825.255,live_session,1,127.0
1770636825.334,live_session,1,1023.0
1770636825.414,live_session,1,1023.0
1770636825.491,live_session,1,1001.0
1770636825.570,live_session,1,1023.0
1770636825.648,live_session,1,948.0
1770636825.730,live_session,1,297.0
1770636825.812,live_session,1,204.0
1770636825.893,live_session,1,0.0
1770636825.989,live_session,1,0.0
1770636826.065,live_session,1,241.0
1770636826.144,live_session,1,334.0
1770636826.216,live_session,1,334.0
1770636826.288,live_session,1,279.0
1770636826.360,live_session,1,0.0
1770636826.429,live_session,1,0.0
1770636826.500,live_session,1,0.0
1770636826.574,live_session,1,0.0
1770636826.652,live_session,1,0.0
1770636826.734,live_session,1,0.0
1770636826.815,live_session,1,0.0
1770636826.901,live_session,1,0.0
1770636826.982,live_session,1,0.0
1770636827.062,live_session,1,0.0
1770636827.148,live_session,1,0.0
1770636827.227,live_session,1,0.0
1770636827.305,live_session,1,0.0
1770636827.384,live_session,1,0.0
1770636827.462,live_session,1,0.0
1770636827.537,live_session,1,0.0
1770636827.613,live_session,1,0.0
1770636827.683,live_session,1,0.0
1770636827.758,live_session,1,0.0
1770636827.827,live_session,1,0.0
1770636827.899,live_session,1,0.0
1770636827.980,live_session,1,0.0
1770636828.059,live_session,1,0.0
1770636828.135,live_session,1,0.0
1770636828.213,live_session,1,0.0
1770636828.290,live_session,1,0.0
1770636828.367,live_session,1,0.0
1770636828.448,live_session,1,0.0
1770636828.601,live_session,1,0.0
1770636828.682,live_session,1,0.0
1770636828.761,live_session,1,0.0
1770636828.848,live_session,1,0.0
1770636828.924,live_session,1,0.0
1770636828.996,live_session,1,0.0
1770636829.066,live_session,1,0.0
1770636829.137,live_session,1,0.0
1770636829.205,live_session,1,0.0
1770636829.283,live_session,1,0.0
1770636829.360,live_session,1,0.0
1770636829.436,live_session,1,0.0
1770636829.513,live_session,1,0.0
1770636829.589,live_session,1,0.0
1770636829.668,live_session,1,0.0
1770636829.746,live_session,1,0.0
1770636829.822,live_session,1,0.0
1770636829.901,live_session,1,0.0
1770636829.984,live_session,1,0.0
1770636830.080,live_session,1,0.0
1770636830.161,live_session,1,0.0
1770636830.234,live_session,1,0.0
1770636830.306,live_session,1,0.0
1770636830.378,live_session,1,0.0
1770636830.449,live_session,1,0.0
1770636830.566,live_session,1,0.0
1770636830.645,live_session,1,0.0
1770636830.720,live_session,1,0.0
1770636830.799,live_session,1,0.0
1770636830.881,live_session,1,0.0
1770636830.960,live_session,1,0.0
1770636831.037,live_session,1,0.0
1770636831.119,live_session,1,0.0
1770636831.196,live_session,1,0.0
1770636831.275,live_session,1,0.0
1770636831.351,live_session,1,0.0
1770636831.429,live_session,1,0.0
1770636831.505,live_session,1,0.0
1770636831.583,live_session,1,0.0
1770636831.655,live_session,1,0.0
1770636831.724,live_session,1,0.0
1770636831.796,live_session,1,0.0
1770636831.869,live_session,1,0.0
1770636831.951,live_session,1,0.0
1770636832.028,live_session,1,0.0
1770636832.109,live_session,1,0.0
1770636832.187,live_session,1,0.0
1770636832.268,live_session,1,0.0
1770636832.347,live_session,1,0.0
1770636832.421,live_session,1,0.0
1770636832.500,live_session,1,0.0
1770636832.579,live_session,1,0.0
1770636832.661,live_session,1,0.0
1770636832.739,live_session,1,0.0
1770636832.819,live_session,1,0.0
1770636832.897,live_session,1,0.0
1770636832.975,live_session,1,0.0
1770636833.048,live_session,1,0.0
1770636833.121,live_session,1,0.0
1770636833.194,live_session,1,0.0
1770636833.269,live_session,1,0.0
1770636833.348,live_session,1,0.0
1770636833.427,live_session,1,0.0
1770636833.506,live_session,1,0.0
1770636833.584,live_session,1,0.0
1770636833.660,live_session,1,0.0
1770636833.743,live_session,1,0.0
1770636833.819,live_session,1,0.0
1770636833.900,live_session,1,0.0
1770636833.984,live_session,1,0.0
1770636834.074,live_session,1,0.0
1770636834.153,live_session,1,0.0
1770636834.232,live_session,1,0.0
1770636834.307,live_session,1,0.0
1770636834.384,live_session,1,0.0
1770636834.454,live_session,1,0.0
1770636834.527,live_session,1,0.0
1770636834.600,live_session,1,0.0
1770636834.680,live_session,1,0.0
1770636834.763,live_session,1,0.0
1770636834.846,live_session,1,0.0
1770636834.930,live_session,1,0.0
1770636835.005,live_session,1,0.0
1770636835.084,live_session,1,0.0
1770636835.160,live_session,1,0.0
1770636835.238,live_session,1,0.0
1770636835.322,live_session,1,0.0
1770636835.403,live_session,1,0.0
1770636835.478,live_session,1,0.0
1770636835.554,live_session,1,0.0
1770636835.627,live_session,1,0.0
1770636835.697,live_session,1,0.0
1770636835.769,live_session,1,0.0
1770636835.838,live_session,1,0.0
1770636835.915,live_session,1,0.0
1770636835.998,live_session,1,0.0
1770636836.078,live_session,1,0.0
1770636836.160,live_session,1,0.0
1770636836.237,live_session,1,0.0
1770636836.315,live_session,1,0.0
1770636836.459,live_session,1,0.0
1770636836.533,live_session,1,0.0
1770636836.612,live_session,1,0.0
1770636836.692,live_session,1,0.0
1770636836.771,live_session,1,0.0
1770636836.847,live_session,1,0.0
1770636836.924,live_session,1,0.0
1770636836.997,live_session,1,0.0
1770636837.070,live_session,1,0.0
1770636837.143,live_session,1,0.0
1770636837.223,live_session,1,111.0
1770636837.295,live_session,1,427.0
1770636837.373,live_session,1,688.0
1770636837.450,live_session,1,1023.0
1770636837.538,live_session,1,823.0
1770636837.615,live_session,1,730.0
1770636837.696,live_session,1,810.0
1770636837.769,live_session,1,1023.0
1770636837.846,live_session,1,1023.0
1770636837.928,live_session,1,856.0
1770636838.009,live_session,1,310.0
1770636838.091,live_session,1,53.0
1770636838.169,live_session,1,0.0
1770636838.248,live_session,1,0.0
1770636838.326,live_session,1,0.0
1770636838.400,live_session,1,0.0
1770636838.478,live_session,1,0.0
1770636838.551,live_session,1,0.0
1770636838.625,live_session,1,0.0
1770636838.701,live_session,1,0.0
1770636838.780,live_session,1,0.0
1770636838.861,live_session,1,0.0
1770636838.941,live_session,1,0.0
1770636839.015,live_session,1,0.0
1770636839.090,live_session,1,0.0
1770636839.164,live_session,1,0.0
1770636839.247,live_session,1,0.0
1770636839.325,live_session,1,0.0
1770636839.403,live_session,1,0.0
1770636839.481,live_session,1,0.0
1770636839.557,live_session,1,0.0
1770636839.632,live_session,1,0.0
1770636839.704,live_session,1,0.0
1770636839.775,live_session,1,0.0
1770636839.845,live_session,1,0.0
1770636839.918,live_session,1,0.0
1770636839.998,live_session,1,0.0
1770636840.081,live_session,1,0.0
1770636840.167,live_session,1,0.0
1770636840.245,live_session,1,0.0
1770636840.322,live_session,1,0.0
1770636840.398,live_session,1,0.0
1770636840.472,live_session,1,0.0
1770636840.547,live_session,1,0.0
1770636840.625,live_session,1,0.0
1770636840.704,live_session,1,0.0
1770636840.782,live_session,1,0.0
1770636840.859,live_session,1,0.0
1770636840.937,live_session,1,0.0
1770636841.010,live_session,1,0.0
1770636841.080,live_session,1,0.0
1770636841.152,live_session,1,0.0
1770636841.231,live_session,1,0.0
1770636841.308,live_session,1,0.0
1770636841.431,live_session,1,0.0
1770636841.514,live_session,1,0.0
1770636841.600,live_session,1,0.0
1770636841.679,live_session,1,0.0
1770636841.753,live_session,1,0.0
1770636841.829,live_session,1,0.0
1770636841.911,live_session,1,0.0
1770636841.991,live_session,1,0.0
1770636842.066,live_session,1,0.0
1770636842.146,live_session,1,0.0
1770636842.225,live_session,1,0.0
1770636842.301,live_session,1,0.0
1770636842.373,live_session,1,0.0
1770636842.443,live_session,1,0.0
1770636842.518,live_session,1,0.0
1770636842.597,live_session,1,0.0
1770636842.690,live_session,1,0.0
1770636842.867,live_session,1,0.0
1770636842.976,live_session,1,0.0
1770636843.058,live_session,1,0.0
1770636843.130,live_session,1,0.0
1770636843.207,live_session,1,0.0
1770636843.281,live_session,1,0.0
1770636843.367,live_session,1,0.0
1770636843.445,live_session,1,0.0
1770636843.523,live_session,1,0.0
1770636843.596,live_session,1,0.0
1770636843.671,live_session,1,0.0
1770636843.743,live_session,1,0.0
1770636843.814,live_session,1,0.0
1770636843.887,live_session,1,0.0
1770636843.960,live_session,1,0.0
1770636844.035,live_session,1,0.0
1770636844.112,live_session,1,0.0
1770636844.197,live_session,1,0.0
1770636844.282,live_session,1,0.0
1770636844.360,live_session,1,0.0
1770636844.438,live_session,1,0.0
1770636844.516,live_session,1,0.0
1770636844.590,live_session,1,0.0
1770636844.666,live_session,1,0.0
1770636844.744,live_session,1,0.0
1770636844.822,live_session,1,0.0
1770636844.906,live_session,1,0.0
1770636844.983,live_session,1,0.0
1770636845.057,live_session,1,0.0
1770636845.129,live_session,1,0.0
1770636845.201,live_session,1,0.0
1770636845.273,live_session,1,0.0
1770636845.346,live_session,1,0.0
1770636845.428,live_session,1,0.0
1770636845.510,live_session,1,0.0
1770636845.591,live_session,1,0.0
1770636845.673,live_session,1,0.0
1770636845.751,live_session,1,0.0
1770636845.872,live_session,1,0.0
1770636845.951,live_session,1,0.0
1770636846.037,live_session,1,0.0
1770636846.115,live_session,1,0.0
1770636846.194,live_session,1,0.0
1770636846.273,live_session,1,0.0
1770636846.345,live_session,1,0.0
1770636846.419,live_session,1,0.0
1770636846.490,live_session,1,0.0
1770636846.562,live_session,1,0.0
1770636846.638,live_session,1,0.0
1770636846.718,live_session,1,0.0
1770636846.797,live_session,1,0.0
1770636846.879,live_session,1,0.0
1770636846.963,live_session,1,0.0
1770636847.044,live_session,1,0.0
1770636847.120,live_session,1,0.0
1770636847.198,live_session,1,0.0
1770636847.275,live_session,1,0.0
1770636847.353,live_session,1,0.0
1770636847.428,live_session,1,0.0
1770636847.509,live_session,1,0.0
1770636847.584,live_session,1,0.0
1770636847.656,live_session,1,0.0
1770636847.728,live_session,1,0.0
1770636847.802,live_session,1,0.0
1770636847.872,live_session,1,0.0
1770636847.945,live_session,1,0.0
1770636848.017,live_session,1,0.0
1770636848.088,live_session,1,0.0
1770636848.162,live_session,1,0.0
1770636848.246,live_session,1,0.0
1770636848.330,live_session,1,0.0
1770636848.412,live_session,1,0.0
1770636848.489,live_session,1,0.0
1770636848.566,live_session,1,0.0
