WL,AAC,DASDV,AR,CC,Output
0.0,0.0,0.0,[0.24999976 0.24999976 0.24999976 0.24999976],[-0.24999976 -0.21874982 -0.1927082  -0.17089834],0
0.0,0.0,0.0,[0.24999976 0.24999976 0.24999976 0.24999976],[-0.24999976 -0.21874982 -0.1927082  -0.17089834],0
0.0,0.0,0.0,[0.24999976 0.24999976 0.24999976 0.24999976],[-0.24999976 -0.21874982 -0.1927082  -0.17089834],0
0.0,0.0,0.0,[0.24999976 0.24999976 0.24999976 0.24999976],[-0.24999976 -0.21874982 -0.1927082  -0.17089834],0
0.0,0.0,0.0,[0.24999976 0.24999976 0.24999976 0.24999976],[-0.24999976 -0.21874982 -0.1927082  -0.17089834],0
0.0,0.0,0.0,[0.24999976 0.24999976 0.24999976 0.24999976],[-0.24999976 -0.21874982 -0.1927082  -0.17089834],0
3018.3333333333335,60.36666666666667,82.88279570049053,[ 0.21297556  0.07730464 -0.27798823 -0.16674396],[-0.21297556 -0.05462534  0.29123214  0.10753519],1
2988.666666666667,59.77333333333334,78.04147394385116,[ 0.10197988  0.05492644  0.1276718  -0.24118945],[-0.10197988 -0.04972649 -0.12242393  0.25517367],1
1941.333333333333,38.82666666666666,52.16683510437696,[ 0.25436139  0.04964824 -0.09631192  0.14251121],[-0.25436139 -0.01729838  0.10345481 -0.16794248],1
1984.0,39.68,51.629940864296884,[-0.00282933  0.43118291 -0.05274982  0.01546248],[ 0.00282933 -0.4311789   0.05152987  0.07764267],1
1663.9999999999998,33.279999999999994,43.95338697708481,[ 0.13022712 -0.15590474  0.10784833 -0.27146311],[-0.13022712  0.16438429 -0.12888753  0.30037693],1
981.3333333333337,30.66666666666668,37.541661445466445,[-0.29080642 -0.27777672 -0.00156815  0.27596847],[ 0.29080642  0.32006091  0.09054508 -0.21165341],1
0.0,0.0,0.0,[0.24999976 0.24999976 0.24999976 0.24999976],[-0.24999976 -0.21874982 -0.1927082  -0.17089834],0
0.0,0.0,0.0,[0.24999976 0.24999976 0.24999976 0.24999976],[-0.24999976 -0.21874982 -0.1927082  -0.17089834],0
0.0,0.0,0.0,[0.24999976 0.24999976 0.24999976 0.24999976],[-0.24999976 -0.21874982 -0.1927082  -0.17089834],0
0.0,0.0,0.0,[0.24999976 0.24999976 0.24999976 0.24999976],[-0.24999976 -0.21874982 -0.1927082  -0.17089834],0
0.0,0.0,0.0,[0.24999976 0.24999976 0.24999976 0.24999976],[-0.24999976 -0.21874982 -0.1927082  -0.17089834],0
0.0,0.0,0.0,[0.24999976 0.24999976 0.24999976 0.24999976],[-0.24999976 -0.21874982 -0.1927082  -0.17089834],0
341.3333333333335,6.82666666666667,12.929952570268304,[ 0.60202143 -0.43124338 -0.05906996 -0.06741731],[-0.60202143  0.61245828 -0.27327797  0.31397565],1
42.66666666666663,0.8533333333333326,4.309984190089429,[-0.02272727 -0.02272727  0.52225186  0.52225186],[ 0.02272727  0.02298554 -0.52173142 -0.53385115],1
0.0,0.0,0.0,[0.24999976 0.24999976 0.24999976 0.24999976],[-0.24999976 -0.21874982 -0.1927082  -0.17089834],1
42.66666666666674,0.8533333333333348,4.30998419008944,[-0.02380952 -0.02380952 -0.02380952 -0.02380952],[0.02380952 0.02409297 0.02438092 0.02467344],1
0.0,0.0,0.0,[0.24999976 0.24999976 0.24999976 0.24999976],[-0.24999976 -0.21874982 -0.1927082  -0.17089834],1
0.0,0.0,0.0,[0.24999976 0.24999976 0.24999976 0.24999976],[-0.24999976 -0.21874982 -0.1927082  -0.17089834],1
0.0,0.0,0.0,[0.24999979 0.24999979 0.24999979 0.24999979],[-0.24999979 -0.21874984 -0.19270821 -0.17089835],0
0.0,0.0,0.0,[0.24999979 0.24999979 0.24999979 0.24999979],[-0.24999979 -0.21874984 -0.19270821 -0.17089835],0
0.0,0.0,0.0,[0.24999979 0.24999979 0.24999979 0.24999979],[-0.24999979 -0.21874984 -0.19270821 -0.17089835],0
0.0,0.0,0.0,[0.24999979 0.24999979 0.24999979 0.24999979],[-0.24999979 -0.21874984 -0.19270821 -0.17089835],0
0.0,0.0,0.0,[0.24999979 0.24999979 0.24999979 0.24999979],[-0.24999979 -0.21874984 -0.19270821 -0.17089835],0
15.666666666666629,0.5595238095238082,3.0150514057680384,[0.95652174 0.0149114  0.0149114  0.0149114 ],[-0.95652174  0.44255552 -0.29236636  0.19509589],0
2305.333333333333,46.10666666666666,63.873031651359724,[ 0.44441946  0.03167683 -0.0480768  -0.06805411],[-0.44441946  0.0670775   0.03289571  0.05068552],1
3429.3333333333335,68.58666666666667,82.58513095512585,[ 0.12565066 -0.10492715  0.16643498 -0.11315938],[-0.12565066  0.1128212  -0.18028041  0.14129581],1
3658.0,73.16,92.25895233371277,[ 0.10526502 -0.24209252  0.12938919 -0.38824541],[-0.10526502  0.24763288 -0.15526187  0.43388322],1
3658.0,73.16,102.14555440994134,[ 0.3773504  -0.18898272  0.05211488 -0.02102589],[-0.3773504   0.26017938 -0.14133831  0.09052753],1
3286.0,65.72,78.72400769622378,[ 0.20874765  0.33698672  0.04030929 -0.22376545],[-0.20874765 -0.31519893  0.02700379  0.27475026],1
1457.0,53.96296296296296,77.14147841665788,[ 0.13468132 -0.1382613   0.02700131 -0.30948013],[-0.13468132  0.14733083 -0.04643686  0.32526499],1
0.0,0.0,0.0,[0.2499998 0.2499998 0.2499998 0.2499998],[-0.2499998  -0.21874985 -0.19270822 -0.17089835],0
0.0,0.0,0.0,[0.2499998 0.2499998 0.2499998 0.2499998],[-0.2499998  -0.21874985 -0.19270822 -0.17089835],0
0.0,0.0,0.0,[0.2499998 0.2499998 0.2499998 0.2499998],[-0.2499998  -0.21874985 -0.19270822 -0.17089835],0
0.0,0.0,0.0,[0.2499998 0.2499998 0.2499998 0.2499998],[-0.2499998  -0.21874985 -0.19270822 -0.17089835],0
0.0,0.0,0.0,[0.2499998 0.2499998 0.2499998 0.2499998],[-0.2499998  -0.21874985 -0.19270822 -0.17089835],0
0.0,0.0,0.0,[0.2499998 0.2499998 0.2499998 0.2499998],[-0.2499998  -0.21874985 -0.19270822 -0.17089835],0
0.0,0.0,0.0,[0.2499998 0.2499998 0.2499998 0.2499998],[-0.2499998  -0.21874985 -0.19270822 -0.17089835],1
217.0,4.34,11.716898663286043,[ 0.22118088 -0.16776007  0.22118088  0.05435801],[-0.22118088  0.19222057 -0.261893    0.01743999],1
62.0,1.24,6.262945776223707,[-0.02380952 -0.02380952 -0.02380952 -0.02380952],[0.02380952 0.02409297 0.02438092 0.02467344],1
248.0,4.96,12.525891552447414,[-0.01495327  0.2517134  -0.01495327 -0.08161994],[ 0.01495327 -0.2516016   0.01119045  0.11346708],1
124.0,2.48,8.857142857142858,[ 0.39395161 -0.20403226  0.19596774 -0.40604839],[-0.39395161  0.28163119 -0.29672673  0.54175174],1
124.0,4.769230769230769,12.4,[ 1.31678437e-16  1.31678437e-16 -1.64467840e-15 -1.64467840e-15],[-1.31678437e-16 -1.31678437e-16  1.64467840e-15  1.64467840e-15],1
0.0,0.0,0.0,[0.24999976 0.24999976 0.24999976 0.24999976],[-0.24999976 -0.21874982 -0.1927082  -0.17089834],0
0.0,0.0,0.0,[0.24999976 0.24999976 0.24999976 0.24999976],[-0.24999976 -0.21874982 -0.1927082  -0.17089834],0
0.0,0.0,0.0,[0.24999976 0.24999976 0.24999976 0.24999976],[-0.24999976 -0.21874982 -0.1927082  -0.17089834],0
0.0,0.0,0.0,[0.24999976 0.24999976 0.24999976 0.24999976],[-0.24999976 -0.21874982 -0.1927082  -0.17089834],0
0.0,0.0,0.0,[0.24999976 0.24999976 0.24999976 0.24999976],[-0.24999976 -0.21874982 -0.1927082  -0.17089834],0
0.0,0.0,0.0,[0.24999976 0.24999976 0.24999976 0.24999976],[-0.24999976 -0.21874982 -0.1927082  -0.17089834],0
510.0,10.2,20.026513038714352,[ 0.40471771 -0.31923509  0.15832447 -0.15937759],[-0.40471771  0.4011333  -0.30962167  0.33340671],1
850.6666666666666,17.013333333333332,27.06915641509619,[ 0.38481672 -0.26783812  0.15567075  0.10922883],[-0.38481672  0.34188008 -0.27773439  0.03168924],1
1088.0,21.76,32.21864082059531,[ 0.12683628  0.2048495   0.28890973 -0.02383872],[-0.12683628 -0.19680578 -0.26360754  0.07823381],1
1976.666666666667,39.53333333333334,52.91121215661277,[ 0.31764208  0.12218511  0.04670666 -0.40306524],[-0.31764208 -0.07173686 -0.01857852  0.41558282],1
1292.6666666666667,25.853333333333335,37.0159615017048,[ 0.0830556  -0.07333277  0.19629569 -0.08568609],[-0.0830556   0.07678188 -0.20257736  0.10519615],1
443.3333333333335,14.777777777777782,26.1220242947729,[ 0.56365878 -0.38994918  0.43301825 -0.14795013],[-0.56365878  0.54880479 -0.7125101   0.61718118],1
0.0,0.0,0.0,[0.24999976 0.24999976 0.24999976 0.24999976],[-0.24999976 -0.21874982 -0.1927082  -0.17089834],0
0.0,0.0,0.0,[0.24999976 0.24999976 0.24999976 0.24999976],[-0.24999976 -0.21874982 -0.1927082  -0.17089834],0
68.0,1.36,6.869037302955033,[4.99999043e-01 4.99999043e-01 3.66373598e-15 9.99200722e-16],[-0.49999904 -0.37499952  0.20833262  0.01562512],0
0.0,0.0,0.0,[0.24999976 0.24999976 0.24999976 0.24999976],[-0.24999976 -0.21874982 -0.1927082  -0.17089834],0
68.0,1.36,6.869037302955033,[-0.02380952 -0.02380952 -0.02380952 -0.02380952],[0.02380952 0.02409297 0.02438092 0.02467344],0
0.0,0.0,0.0,[0.24999976 0.24999976 0.24999976 0.24999976],[-0.24999976 -0.21874982 -0.1927082  -0.17089834],0
0.0,0.0,0.0,[0.24999976 0.24999976 0.24999976 0.24999976],[-0.24999976 -0.21874982 -0.1927082  -0.17089834],1
0.0,0.0,0.0,[0.24999976 0.24999976 0.24999976 0.24999976],[-0.24999976 -0.21874982 -0.1927082  -0.17089834],1
0.0,0.0,0.0,[0.24999976 0.24999976 0.24999976 0.24999976],[-0.24999976 -0.21874982 -0.1927082  -0.17089834],1
0.0,0.0,0.0,[0.24999976 0.24999976 0.24999976 0.24999976],[-0.24999976 -0.21874982 -0.1927082  -0.17089834],1
0.0,0.0,0.0,[0.24999976 0.24999976 0.24999976 0.24999976],[-0.24999976 -0.21874982 -0.1927082  -0.17089834],1
0.0,0.0,0.0,[0.24999976 0.24999976 0.24999976 0.24999976],[-0.24999976 -0.21874982 -0.1927082  -0.17089834],1
0.0,0.0,0.0,[0.24999976 0.24999976 0.24999976 0.24999976],[-0.24999976 -0.21874982 -0.1927082  -0.17089834],0
0.0,0.0,0.0,[0.24999976 0.24999976 0.24999976 0.24999976],[-0.24999976 -0.21874982 -0.1927082  -0.17089834],0
0.0,0.0,0.0,[0.24999976 0.24999976 0.24999976 0.24999976],[-0.24999976 -0.21874982 -0.1927082  -0.17089834],0
0.0,0.0,0.0,[0.24999976 0.24999976 0.24999976 0.24999976],[-0.24999976 -0.21874982 -0.1927082  -0.17089834],0
0.0,0.0,0.0,[0.24999976 0.24999976 0.24999976 0.24999976],[-0.24999976 -0.21874982 -0.1927082  -0.17089834],0
0.0,0.0,0.0,[0.24999976 0.24999976 0.24999976 0.24999976],[-0.24999976 -0.21874982 -0.1927082  -0.17089834],0
170.66666666666663,3.4133333333333327,14.930223194106986,[-0.8 -0.6 -0.4 -0.2],[0.8        0.92       1.05066667 1.1864    ],1
597.3333333333334,11.946666666666667,29.860446388213983,[0.06596614 0.28818836 0.06596614 0.17707725],[-0.06596614 -0.2860126  -0.04705115 -0.13244878],1
1023.9999999999997,20.479999999999993,33.38499398126726,[ 0.1961628  -0.10532317  0.04464235 -0.07707055],[-0.1961628   0.12456309 -0.06781894  0.09579719],1
810.6666666666663,16.213333333333324,27.931889950207015,[ 0.11639606 -0.07472202 -0.04779991  0.05458053],[-0.11639606  0.08149604  0.03857691 -0.05629434],1
853.3333333333333,17.066666666666666,34.47987352071546,[ 0.10168012 -0.22712802  0.20479755 -0.20192292],[-0.10168012  0.23229744 -0.22824237  0.25091529],1
383.99999999999983,14.222222222222216,25.102865297687547,[-1.56250000e-02 -1.04166667e-02  3.22916667e-01 -4.44089210e-16],[ 0.015625    0.01053874 -0.32275263 -0.00498876],1
0.0,0.0,0.0,[0.24999976 0.24999976 0.24999976 0.24999976],[-0.24999976 -0.21874982 -0.1927082  -0.17089834],0
0.0,0.0,0.0,[0.24999976 0.24999976 0.24999976 0.24999976],[-0.24999976 -0.21874982 -0.1927082  -0.17089834],0
0.0,0.0,0.0,[0.24999976 0.24999976 0.24999976 0.24999976],[-0.24999976 -0.21874982 -0.1927082  -0.17089834],0
0.0,0.0,0.0,[0.24999976 0.24999976 0.24999976 0.24999976],[-0.24999976 -0.21874982 -0.1927082  -0.17089834],0
0.0,0.0,0.0,[0.24999976 0.24999976 0.24999976 0.24999976],[-0.24999976 -0.21874982 -0.1927082  -0.17089834],0
0.0,0.0,0.0,[0.24999976 0.24999976 0.24999976 0.24999976],[-0.24999976 -0.21874982 -0.1927082  -0.17089834],0
0.0,0.0,0.0,[0.24999976 0.24999976 0.24999976 0.24999976],[-0.24999976 -0.21874982 -0.1927082  -0.17089834],1
0.0,0.0,0.0,[0.24999976 0.24999976 0.24999976 0.24999976],[-0.24999976 -0.21874982 -0.1927082  -0.17089834],1
597.3333333333329,11.946666666666658,28.589200821780885,[ 0.04292541 -0.16422256  0.1187963  -0.01367836],[-0.04292541  0.16514386 -0.12587199  0.03256571],1
0.0,0.0,0.0,[0.24999976 0.24999976 0.24999976 0.24999976],[-0.24999976 -0.21874982 -0.1927082  -0.17089834],1
0.0,0.0,0.0,[0.24999976 0.24999976 0.24999976 0.24999976],[-0.24999976 -0.21874982 -0.1927082  -0.17089834],1
554.6666666666666,20.54320987654321,32.40765974667733,[ 0.01988784  0.17326704  0.16638723 -0.108805  ],[-0.01988784 -0.17306928 -0.16294395  0.12705632],1
0.0,0.0,0.0,[0.24999976 0.24999976 0.24999976 0.24999976],[-0.24999976 -0.21874982 -0.1927082  -0.17089834],0
0.0,0.0,0.0,[0.24999976 0.24999976 0.24999976 0.24999976],[-0.24999976 -0.21874982 -0.1927082  -0.17089834],0
0.0,0.0,0.0,[0.24999976 0.24999976 0.24999976 0.24999976],[-0.24999976 -0.21874982 -0.1927082  -0.17089834],0
0.0,0.0,0.0,[0.24999976 0.24999976 0.24999976 0.24999976],[-0.24999976 -0.21874982 -0.1927082  -0.17089834],0
0.0,0.0,0.0,[0.24999976 0.24999976 0.24999976 0.24999976],[-0.24999976 -0.21874982 -0.1927082  -0.17089834],0
0.0,0.0,0.0,[0.24999976 0.24999976 0.24999976 0.24999976],[-0.24999976 -0.21874982 -0.1927082  -0.17089834],0
3524.666666666667,70.49333333333334,87.18453335966682,[ 0.13232932 -0.19824104  0.08235774 -0.10681179],[-0.13232932  0.20699657 -0.10936326  0.14090796],1
3517.333333333334,70.34666666666668,86.0185868223349,[ 0.2365721  -0.23395892  0.04552376  0.18222516],[-0.2365721   0.26194209 -0.10528527 -0.13021024],1
3671.666666666667,73.43333333333334,96.54819153138945,[ 0.09776621  0.02632463  0.09898598 -0.11932007],[-0.09776621 -0.02154551 -0.09672381  0.12911527],1
2239.0,44.78,61.22037438927348,[ 0.17371693 -0.07056451 -0.04070577 -0.10894279],[-0.17371693  0.0856533   0.02670007  0.10671832],1
3192.3333333333335,63.84666666666667,83.07550591202971,[ 0.32320165 -0.23054986  0.08786579 -0.23826621],[-0.32320165  0.28277952 -0.17363369  0.32005221],1
1484.3333333333335,54.97530864197532,74.15002694353183,[0.3543108  0.01958555 0.09577863 0.07370131],[-0.3543108   0.04318252 -0.10366553 -0.03809297],1
13.0,0.26,1.8571428571428572,[ 4.99999090e-01  4.99999090e-01 -5.71343492e-14 -4.17443857e-14],[-0.49999909 -0.37499954  0.20833265  0.01562511],0
0.0,0.0,0.0,[0.24999977 0.24999977 0.24999977 0.24999977],[-0.24999977 -0.21874983 -0.19270821 -0.17089834],0
0.0,0.0,0.0,[0.24999977 0.24999977 0.24999977 0.24999977],[-0.24999977 -0.21874983 -0.19270821 -0.17089834],0
0.0,0.0,0.0,[0.24999977 0.24999977 0.24999977 0.24999977],[-0.24999977 -0.21874983 -0.19270821 -0.17089834],0
0.0,0.0,0.0,[0.24999977 0.24999977 0.24999977 0.24999977],[-0.24999977 -0.21874983 -0.19270821 -0.17089834],0
0.0,0.0,0.0,[0.24999977 0.24999977 0.24999977 0.24999977],[-0.24999977 -0.21874983 -0.19270821 -0.17089834],0
65.0,1.3,5.571428571428571,[-0.02427184 -0.02427184 -0.02427184 -0.02912621],[0.02427184 0.02456641 0.02486573 0.03002428],1
104.66666666666674,2.093333333333335,7.476342127670282,[-2.64568307e-06 -2.64568307e-06 -2.64568307e-06 -4.99962078e-01],[2.64568307e-06 2.64568657e-06 2.64569007e-06 4.99962078e-01],1
208.66666666666674,4.173333333333335,11.790883907097793,[-0.27018501 -0.02305826 -0.0224277  -0.02236903],[0.27018501 0.05955823 0.03523219 0.03171   ],1
56.66666666666674,1.1333333333333349,5.724197752462535,[-0.02380952 -0.02380952 -0.02380952 -0.02380952],[0.02380952 0.02409297 0.02438092 0.02467344],1
156.66666666666674,3.1333333333333346,9.137150997147375,[ 0.2181308  -0.00106453 -0.21394211 -0.14128861],[-0.2181308   0.02485505  0.21025027  0.09523845],1
113.33333333333337,4.197530864197533,13.61089307343241,[-0.8 -0.6 -0.4 -0.2],[0.8        0.92       1.05066667 1.1864    ],1
9.0,0.18,1.2857142857142858,[ 4.99999075e-01  4.99999075e-01 -1.70105082e-14 -6.66133815e-15],[-0.49999908 -0.37499954  0.20833264  0.01562512],0
0.0,0.0,0.0,[0.24999977 0.24999977 0.24999977 0.24999977],[-0.24999977 -0.21874983 -0.1927082  -0.17089834],0
0.0,0.0,0.0,[0.24999977 0.24999977 0.24999977 0.24999977],[-0.24999977 -0.21874983 -0.1927082  -0.17089834],0
0.0,0.0,0.0,[0.24999977 0.24999977 0.24999977 0.24999977],[-0.24999977 -0.21874983 -0.1927082  -0.17089834],0
0.0,0.0,0.0,[0.24999977 0.24999977 0.24999977 0.24999977],[-0.24999977 -0.21874983 -0.1927082  -0.17089834],0
0.0,0.0,0.0,[0.24999977 0.24999977 0.24999977 0.24999977],[-0.24999977 -0.21874983 -0.1927082  -0.17089834],0
2479.5,49.59,68.10664656347755,[ 0.24895019 -0.26518591  0.20948383 -0.25236716],[-0.24895019  0.29617401 -0.2806449   0.35707546],1
2036.5,40.73,56.314033847374716,[ 0.23839815  0.18235047 -0.04132058  0.01874012],[-0.23839815 -0.15393363  0.08027625 -0.02152115],1
3490.5,69.81,83.57976148932374,[ 0.36906954 -0.0949492   0.03223957 -0.12656806],[-0.36906954  0.16305536 -0.0840397   0.16054608],1
3269.0,65.38,81.2218554080019,[ 0.32481832 -0.15564282  0.16066026 -0.23972519],[-0.32481832  0.20839629 -0.22263943  0.32322726],1
2628.0,52.56,74.09184867997509,[ 0.19379032 -0.01736502  0.1481135  -0.24297807],[-0.19379032  0.03614237 -0.15390458  0.27283653],1
1204.0,44.592592592592595,53.3107724717853,[-0.35003819 -0.08811691 -0.17866435 -0.01297348],[0.35003819 0.14938028 0.22380498 0.093945  ],1
0.0,0.0,0.0,[0.24999977 0.24999977 0.24999977 0.24999977],[-0.24999977 -0.21874983 -0.1927082  -0.17089834],0
0.0,0.0,0.0,[0.24999977 0.24999977 0.24999977 0.24999977],[-0.24999977 -0.21874983 -0.1927082  -0.17089834],0
0.0,0.0,0.0,[0.24999977 0.24999977 0.24999977 0.24999977],[-0.24999977 -0.21874983 -0.1927082  -0.17089834],0
0.0,0.0,0.0,[0.24999977 0.24999977 0.24999977 0.24999977],[-0.24999977 -0.21874983 -0.1927082  -0.17089834],0
0.0,0.0,0.0,[0.24999977 0.24999977 0.24999977 0.24999977],[-0.24999977 -0.21874983 -0.1927082  -0.17089834],0
0.0,0.0,0.0,[0.24999977 0.24999977 0.24999977 0.24999977],[-0.24999977 -0.21874983 -0.1927082  -0.17089834],0
71.0,1.42,5.071931564593352,[-8.62351460e-06 -8.62351460e-06 -8.62351460e-06 -8.62351459e-06],[8.62351460e-06 8.62355179e-06 8.62358897e-06 8.62362614e-06],1
36.0,0.72,3.636549160387959,[-0.02380952 -0.02380952 -0.02380952 -0.02380952],[0.02380952 0.02409297 0.02438092 0.02467344],1
72.0,1.44,5.142857142857143,[-0.05263158 -0.05263158 -0.05263158 -0.05263158],[0.05263158 0.05401662 0.05545026 0.05693442],1
36.0,0.72,3.636549160387959,[-0.02380952 -0.02380952 -0.02380952 -0.02380952],[0.02380952 0.02409297 0.02438092 0.02467344],1
0.0,0.0,0.0,[0.24999978 0.24999978 0.24999978 0.24999978],[-0.24999978 -0.21874983 -0.19270821 -0.17089834],1
71.0,2.730769230769231,8.695976080923867,[-0.79926509 -0.5990564  -0.39921503 -0.19958238],[0.79926509 0.91846875 1.04821666 1.18281157],1
0.0,0.0,0.0,[0.24999977 0.24999977 0.24999977 0.24999977],[-0.24999977 -0.21874983 -0.1927082  -0.17089834],0
0.0,0.0,0.0,[0.24999977 0.24999977 0.24999977 0.24999977],[-0.24999977 -0.21874983 -0.1927082  -0.17089834],0
304.0,6.08,8.55235974119758,[-0.1190132   0.15652929 -0.0296569  -0.1235177 ],[ 0.1190132  -0.14944722  0.01158975  0.13713103],1
168.0,4.097560975609756,6.324555320336759,[ 0.05106152  0.16879961 -0.25212218 -0.13299585],[-0.05106152 -0.16749597  0.26069697  0.13393035],1
0.0,0.0,0.0,[0.24999979 0.24999979 0.24999979 0.24999979],[-0.24999979 -0.21874984 -0.19270821 -0.17089835],0
0.0,0.0,0.0,[0.24999979 0.24999979 0.24999979 0.24999979],[-0.24999979 -0.21874984 -0.19270821 -0.17089835],0
0.0,0.0,0.0,[0.24999979 0.24999979 0.24999979 0.24999979],[-0.24999979 -0.21874984 -0.19270821 -0.17089835],0
0.0,0.0,0.0,[0.24999979 0.24999979 0.24999979 0.24999979],[-0.24999979 -0.21874984 -0.19270821 -0.17089835],0
0.0,0.0,0.0,[0.24999979 0.24999979 0.24999979 0.24999979],[-0.24999979 -0.21874984 -0.19270821 -0.17089835],0
34.0,1.096774193548387,6.207522318391883,[0.24942215 0.24942215 0.24942215 0.24942215],[-0.24942215 -0.21831644 -0.19238304 -0.17065437],0
3544.0000000000005,70.88000000000001,92.13506796165791,[ 0.29104151  0.00807902 -0.06444232 -0.25548565],[-0.29104151  0.03427356  0.05857608  0.2378723 ],1
3714.3333333333335,74.28666666666668,93.00977687374755,[ 0.33388495 -0.08627054  0.06450561 -0.11099159],[-0.33388495  0.14201012 -0.10571711  0.14897461],1
3722.6666666666674,74.45333333333335,91.04789300616285,[ 0.20110482 -0.01764352 -0.01675018 -0.18830256],[-0.20110482  0.0378651   0.01049087  0.18621213],1
4440.666666666667,88.81333333333333,107.73552483121617,[ 0.37986663 -0.22388007  0.19287897  0.00891509],[-0.37986663  0.2960294  -0.29619495  0.12692545],1
2893.333333333333,57.86666666666666,72.51097344430889,[ 0.19122439 -0.2511622   0.16217554 -0.19734678],[-0.19122439  0.26944558 -0.21253469  0.26941839],1
1514.0,54.07142857142857,72.83856663968241,[ 0.52452366 -0.06259371  0.12797649 -0.33311621],[-0.52452366  0.20015625 -0.20891157  0.43834644],1
0.0,0.0,0.0,[0.24999975 0.24999975 0.24999975 0.24999975],[-0.24999975 -0.21874981 -0.19270819 -0.17089833],0
123.99999999999989,2.4799999999999978,8.857142857142849,[ 0.27479527 -0.00363967 -0.28935396 -0.15377616],[-0.27479527  0.04139589  0.28143697  0.07597006],0
0.0,0.0,0.0,[0.24999975 0.24999975 0.24999975 0.24999975],[-0.24999975 -0.21874981 -0.19270819 -0.17089833],0
0.0,0.0,0.0,[0.24999975 0.24999975 0.24999975 0.24999975],[-0.24999975 -0.21874981 -0.19270819 -0.17089833],0
0.0,0.0,0.0,[0.24999975 0.24999975 0.24999975 0.24999975],[-0.24999975 -0.21874981 -0.19270819 -0.17089833],0
0.0,0.0,0.0,[0.24999975 0.24999975 0.24999975 0.24999975],[-0.24999975 -0.21874981 -0.19270819 -0.17089833],0
1037.3333333333328,20.746666666666655,28.866020950814804,[ 0.18388993 -0.16511681 -0.07919196 -0.15569669],[-0.18388993  0.18202457  0.04675586  0.16063525],1
1082.666666666666,21.65333333333332,30.99798837742074,[-0.09165736 -0.32409632 -0.18654292 -0.44565874],[0.09165736 0.32829685 0.21650541 0.51801639],1
681.6666666666665,13.633333333333331,29.243484845272654,[ 0.18107783 -0.05011164  0.11497002 -0.18562337],[-0.18107783  0.06650623 -0.12602325  0.20960938],1
705.9999999999995,14.11999999999999,22.41719456678059,[ 0.19472863  0.0400212   0.01427761 -0.21207353],[-0.19472863 -0.02106158 -0.00894566  0.21449653],1
901.6666666666663,18.033333333333324,28.199765200611402,[ 0.47119466 -0.12996941  0.16791877 -0.02390661],[-0.47119466  0.24098161 -0.2640319   0.15265516],1
469.99999999999955,15.666666666666652,26.401410620620624,[ 0.00065861 -0.11450508  0.01740567  0.13507282],[-0.00065861  0.11450529 -0.01748109 -0.1285056 ],1
0.0,0.0,0.0,[0.24999979 0.24999979 0.24999979 0.24999979],[-0.24999979 -0.21874984 -0.19270821 -0.17089835],0
0.0,0.0,0.0,[0.24999979 0.24999979 0.24999979 0.24999979],[-0.24999979 -0.21874984 -0.19270821 -0.17089835],0
0.0,0.0,0.0,[0.24999979 0.24999979 0.24999979 0.24999979],[-0.24999979 -0.21874984 -0.19270821 -0.17089835],0
648.6666666666667,12.973333333333334,30.36870928112291,[0.20081822 0.14696022 0.30760819 0.09528426],[-0.20081822 -0.12679624 -0.28079543 -0.0282323 ],0
0.0,0.0,0.0,[0.24999976 0.24999976 0.24999976 0.24999976],[-0.24999976 -0.21874982 -0.1927082  -0.17089834],0
0.0,0.0,0.0,[0.24999976 0.24999976 0.24999976 0.24999976],[-0.24999976 -0.21874982 -0.1927082  -0.17089834],0
2531.3333333333335,50.62666666666667,69.46445607356594,[ 0.39915261 -0.08411023  0.13707241 -0.15058848],[-0.39915261  0.16377164 -0.19184326  0.22858517],1
2545.0,50.9,68.58936604012933,[ 0.11436921 -0.04074056  0.2362928  -0.09972379],[-0.11436921  0.04728072 -0.24145093  0.12815398],1
1962.6666666666663,39.25333333333332,52.894366987014,[ 0.2121548  -0.00469308  0.11038572  0.08712091],[-0.2121548   0.02719791 -0.11456438 -0.06297334],1
1520.6666666666665,30.41333333333333,48.01553981256551,[ 0.11545657 -0.33164671  0.04073943 -0.16860834],[-0.11545657  0.33831182 -0.07954324  0.23277209],1
753.3333333333334,15.066666666666668,39.71748302762761,[ 0.06430814 -0.17832115  0.22775837  0.06987317],[-0.06430814  0.18038892 -0.23931452 -0.03858551],1
824.6666666666669,30.543209876543216,48.31812315933874,[ 0.10644871  0.16916946 -0.10287035  0.08042737],[-0.10644871 -0.1635038   0.12047615 -0.07895345],1
0.0,0.0,0.0,[0.24999976 0.24999976 0.24999976 0.24999976],[-0.24999976 -0.21874982 -0.1927082  -0.17089834],0
0.0,0.0,0.0,[0.24999976 0.24999976 0.24999976 0.24999976],[-0.24999976 -0.21874982 -0.1927082  -0.17089834],0
0.0,0.0,0.0,[0.24999976 0.24999976 0.24999976 0.24999976],[-0.24999976 -0.21874982 -0.1927082  -0.17089834],0
0.0,0.0,0.0,[0.24999976 0.24999976 0.24999976 0.24999976],[-0.24999976 -0.21874982 -0.1927082  -0.17089834],0
0.0,0.0,0.0,[0.24999976 0.24999976 0.24999976 0.24999976],[-0.24999976 -0.21874982 -0.1927082  -0.17089834],0
0.0,0.0,0.0,[0.24999976 0.24999976 0.24999976 0.24999976],[-0.24999976 -0.21874982 -0.1927082  -0.17089834],0
1335.3333333333337,26.706666666666674,42.859841184896595,[ 0.16601887  0.03289597 -0.02182362  0.19765333],[-0.16601887 -0.01911484  0.02575968 -0.20145215],1
1521.666666666667,30.43333333333334,42.94923966973824,[ 0.37248912 -0.15171397  0.03178064 -0.08822498],[-0.37248912  0.22108804 -0.10551984  0.13743428],1
540.6666666666666,10.813333333333333,22.45287329662679,[ 0.11698678 -0.03183446  0.07271662  0.23072625],[-0.11698678  0.03867741 -0.07697452 -0.22123014],1
782.3333333333334,15.646666666666668,30.07356814769054,[ 0.05387591 -0.0221794   0.24051769 -0.05136202],[-0.05387591  0.02363071 -0.24176475  0.06463258],1
1450.6666666666665,29.013333333333332,43.09763213555485,[-0.08256888 -0.13198278  0.24359308  0.11982562],[ 0.08256888  0.13539159 -0.23250776 -0.13031767],1
640.0000000000001,24.61538461538462,47.51158922948285,[ 0.13055857 -0.34666486 -0.17014642 -0.14669197],[-0.13055857  0.35518763  0.12414454  0.19054789],1
